Trophic level \ Flow,Import,Consumption by predators,Export,Flow to detritus,Respiration,Throughput
VIII,,0,0,0,0,0
VII,,0.000019,0,0.0001,0.000288,0.000406
VI,,0.0013,0.000017,0.00908,0.0292,0.0396
V,,0.0382,0.000386,0.386,1.31,1.734
IV,,1.236,0.0141,9.235,31.96,42.45
III,,31.52,0.082,119,435.9,586.5
II,,479.4,0.0935,491.4,1872,2843
I,0,2024,0,85.99,0,2110
Sum,0,2536,0.19,706,2341,5583
