Trophic level \ Flow,Import,Consumption by predators,Export,Flow to detritus,Respiration,Throughput
VIII,,0,0,0,0,0
VII,,0.000007,0,0.000024,0.000066,0.000097
VI,,0.000473,0.000005,0.00262,0.00846,0.0116
V,,0.0129,0.000159,0.0853,0.275,0.373
IV,,0.421,0.00512,2.562,8.689,11.68
III,,9.045,0.0875,84.27,293.1,386.5
II,,194,0.0406,286.6,873.6,1354
I,350,1176,253.9,0,0,1779
Sum,350,1379,254,373.5,1176,3532
